Date,Time,Result,Slots Found
18/03/2026,05:18:35,Slots exist — outside target date,From&nbsp;Thu 18/06/2026 08:00 | From&nbsp;Thu 18/06/2026 13:00 | From&nbsp;Fri 19/06/2026 08:00 | From&nbsp;Fri 19/06/2026 13:00 | From&nbsp;Mon 22/06/2026 08:00
18/03/2026,05:27:07,Slots exist — outside target date,From Thu 18/06/2026 08:00 | From Thu 18/06/2026 13:00 | From Fri 19/06/2026 08:00 | From Fri 19/06/2026 13:00 | From Mon 22/06/2026 08:00
18/03/2026,06:16:12,Slots exist — outside target date,From Thu 18/06/2026 08:00 | From Thu 18/06/2026 13:00 | From Fri 19/06/2026 08:00 | From Fri 19/06/2026 13:00 | From Mon 22/06/2026 08:00
18/03/2026,06:57:26,Slots exist — outside target date,From Thu 18/06/2026 08:00 | From Thu 18/06/2026 13:00 | From Fri 19/06/2026 08:00 | From Fri 19/06/2026 13:00 | From Mon 22/06/2026 08:00
18/03/2026,07:06:05,Slots exist — outside target date,From Thu 18/06/2026 08:00 | From Thu 18/06/2026 13:00 | From Fri 19/06/2026 08:00 | From Fri 19/06/2026 13:00 | From Mon 22/06/2026 08:00





18/03/2026,18:30:48,Slots exist — outside target date,From Thu 18/06/2026 08:00 | From Thu 18/06/2026 13:00 | From Fri 19/06/2026 08:00 | From Fri 19/06/2026 13:00 | From Mon 22/06/2026 08:00
18/03/2026,18:34:24,Slots exist — outside target date,From Thu 18/06/2026 08:00 | From Thu 18/06/2026 13:00 | From Fri 19/06/2026 08:00 | From Fri 19/06/2026 13:00 | From Mon 22/06/2026 08:00
18/03/2026,19:31:49,Slots exist — outside target date,From Thu 18/06/2026 08:00 | From Thu 18/06/2026 13:00 | From Fri 19/06/2026 08:00 | From Fri 19/06/2026 13:00 | From Mon 22/06/2026 08:00
18/03/2026,20:34:51,Slots exist — outside target date,From Thu 18/06/2026 08:00 | From Thu 18/06/2026 13:00 | From Fri 19/06/2026 08:00 | From Fri 19/06/2026 13:00 | From Mon 22/06/2026 08:00
18/03/2026,21:05:19,Slots exist — outside target date,From Thu 18/06/2026 08:00 | From Thu 18/06/2026 13:00 | From Fri 19/06/2026 08:00 | From Fri 19/06/2026 13:00 | From Mon 22/06/2026 08:00
18/03/2026,21:07:14,Slots exist — outside target date,From Thu 18/06/2026 08:00 | From Thu 18/06/2026 13:00 | From Fri 19/06/2026 08:00 | From Fri 19/06/2026 13:00 | From Mon 22/06/2026 08:00
18/03/2026,21:08:16,Slots exist — outside target date,From Thu 18/06/2026 08:00 | From Thu 18/06/2026 13:00 | From Fri 19/06/2026 08:00 | From Fri 19/06/2026 13:00 | From Mon 22/06/2026 08:00
18/03/2026,21:09:16,Slots exist — outside target date,From Thu 18/06/2026 08:00 | From Thu 18/06/2026 13:00 | From Fri 19/06/2026 08:00 | From Fri 19/06/2026 13:00 | From Mon 22/06/2026 08:00
18/03/2026,09:10:17 PM,Slots exist — outside target date,From Thu 18/06/2026 08:00 | From Thu 18/06/2026 13:00 | From Fri 19/06/2026 08:00 | From Fri 19/06/2026 13:00 | From Mon 22/06/2026 08:00
18/03/2026,09:11:16 PM,Slots exist — outside target date,From Thu 18/06/2026 08:00 | From Thu 18/06/2026 13:00 | From Fri 19/06/2026 08:00 | From Fri 19/06/2026 13:00 | From Mon 22/06/2026 08:00
18/03/2026,09:12:17 PM,Slots exist — outside target date,From Thu 18/06/2026 08:00 | From Thu 18/06/2026 13:00 | From Fri 19/06/2026 08:00 | From Fri 19/06/2026 13:00 | From Mon 22/06/2026 08:00
18/03/2026,09:13:13 PM,Slots exist — outside target date,From Thu 18/06/2026 08:00 | From Thu 18/06/2026 13:00 | From Fri 19/06/2026 08:00 | From Fri 19/06/2026 13:00 | From Mon 22/06/2026 08:00
18/03/2026,09:14:13 PM,Slots exist — outside target date,From Thu 18/06/2026 08:00 | From Thu 18/06/2026 13:00 | From Fri 19/06/2026 08:00 | From Fri 19/06/2026 13:00 | From Mon 22/06/2026 08:00
18/03/2026,09:15:21 PM,Slots exist — outside target date,From Thu 18/06/2026 08:00 | From Thu 18/06/2026 13:00 | From Fri 19/06/2026 08:00 | From Fri 19/06/2026 13:00 | From Mon 22/06/2026 08:00
18/03/2026,09:16:14 PM,Slots exist — outside target date,From Thu 18/06/2026 08:00 | From Thu 18/06/2026 13:00 | From Fri 19/06/2026 08:00 | From Fri 19/06/2026 13:00 | From Mon 22/06/2026 08:00
18/03/2026,09:17:14 PM,Slots exist — outside target date,From Thu 18/06/2026 08:00 | From Thu 18/06/2026 13:00 | From Fri 19/06/2026 08:00 | From Fri 19/06/2026 13:00 | From Mon 22/06/2026 08:00
18/03/2026,09:18:15 PM,Slots exist — outside target date,From Thu 18/06/2026 08:00 | From Thu 18/06/2026 13:00 | From Fri 19/06/2026 08:00 | From Fri 19/06/2026 13:00 | From Mon 22/06/2026 08:00
18/03/2026,09:19:15 PM,Slots exist — outside target date,From Thu 18/06/2026 08:00 | From Thu 18/06/2026 13:00 | From Fri 19/06/2026 08:00 | From Fri 19/06/2026 13:00 | From Mon 22/06/2026 08:00
18/03/2026,09:20:17 PM,Slots exist — outside target date,From Thu 18/06/2026 08:00 | From Thu 18/06/2026 13:00 | From Fri 19/06/2026 08:00 | From Fri 19/06/2026 13:00 | From Mon 22/06/2026 08:00
18/03/2026,09:21:14 PM,Slots exist — outside target date,From Thu 18/06/2026 08:00 | From Thu 18/06/2026 13:00 | From Fri 19/06/2026 08:00 | From Fri 19/06/2026 13:00 | From Mon 22/06/2026 08:00
18/03/2026,09:22:14 PM,Slots exist — outside target date,From Thu 18/06/2026 08:00 | From Thu 18/06/2026 13:00 | From Fri 19/06/2026 08:00 | From Fri 19/06/2026 13:00 | From Mon 22/06/2026 08:00
18/03/2026,09:23:12 PM,Slots exist — outside target date,From Thu 18/06/2026 08:00 | From Thu 18/06/2026 13:00 | From Fri 19/06/2026 08:00 | From Fri 19/06/2026 13:00 | From Mon 22/06/2026 08:00
18/03/2026,09:24:16 PM,Slots exist — outside target date,From Thu 18/06/2026 08:00 | From Thu 18/06/2026 13:00 | From Fri 19/06/2026 08:00 | From Fri 19/06/2026 13:00 | From Mon 22/06/2026 08:00
18/03/2026,09:25:18 PM,Slots exist — outside target date,From Thu 18/06/2026 08:00 | From Thu 18/06/2026 13:00 | From Fri 19/06/2026 08:00 | From Fri 19/06/2026 13:00 | From Mon 22/06/2026 08:00
18/03/2026,09:26:13 PM,Slots exist — outside target date,From Thu 18/06/2026 08:00 | From Thu 18/06/2026 13:00 | From Fri 19/06/2026 08:00 | From Fri 19/06/2026 13:00 | From Mon 22/06/2026 08:00
18/03/2026,09:27:15 PM,Slots exist — outside target date,From Thu 18/06/2026 08:00 | From Thu 18/06/2026 13:00 | From Fri 19/06/2026 08:00 | From Fri 19/06/2026 13:00 | From Mon 22/06/2026 08:00
18/03/2026,09:28:14 PM,Slots exist — outside target date,From Thu 18/06/2026 08:00 | From Thu 18/06/2026 13:00 | From Fri 19/06/2026 08:00 | From Fri 19/06/2026 13:00 | From Mon 22/06/2026 08:00
18/03/2026,09:29:14 PM,Slots exist — outside target date,From Thu 18/06/2026 08:00 | From Thu 18/06/2026 13:00 | From Fri 19/06/2026 08:00 | From Fri 19/06/2026 13:00 | From Mon 22/06/2026 08:00
18/03/2026,09:30:25 PM,Slots exist — outside target date,From Thu 18/06/2026 08:00 | From Thu 18/06/2026 13:00 | From Fri 19/06/2026 08:00 | From Fri 19/06/2026 13:00 | From Mon 22/06/2026 08:00
18/03/2026,09:31:18 PM,Slots exist — outside target date,From Thu 18/06/2026 08:00 | From Thu 18/06/2026 13:00 | From Fri 19/06/2026 08:00 | From Fri 19/06/2026 13:00 | From Mon 22/06/2026 08:00
18/03/2026,09:32:17 PM,Slots exist — outside target date,From Thu 18/06/2026 08:00 | From Thu 18/06/2026 13:00 | From Fri 19/06/2026 08:00 | From Fri 19/06/2026 13:00 | From Mon 22/06/2026 08:00
18/03/2026,09:33:15 PM,Slots exist — outside target date,From Thu 18/06/2026 08:00 | From Thu 18/06/2026 13:00 | From Fri 19/06/2026 08:00 | From Fri 19/06/2026 13:00 | From Mon 22/06/2026 08:00
18/03/2026,09:34:14 PM,Slots exist — outside target date,From Thu 18/06/2026 08:00 | From Thu 18/06/2026 13:00 | From Fri 19/06/2026 08:00 | From Fri 19/06/2026 13:00 | From Mon 22/06/2026 08:00
18/03/2026,09:34:49 PM,Slots exist — outside target date,From Thu 18/06/2026 08:00 | From Thu 18/06/2026 13:00 | From Fri 19/06/2026 08:00 | From Fri 19/06/2026 13:00 | From Mon 22/06/2026 08:00
18/03/2026,09:35:21 PM,Slots exist — outside target date,From Thu 18/06/2026 08:00 | From Thu 18/06/2026 13:00 | From Fri 19/06/2026 08:00 | From Fri 19/06/2026 13:00 | From Mon 22/06/2026 08:00
18/03/2026,09:36:15 PM,Slots exist — outside target date,From Thu 18/06/2026 08:00 | From Thu 18/06/2026 13:00 | From Fri 19/06/2026 08:00 | From Fri 19/06/2026 13:00 | From Mon 22/06/2026 08:00
18/03/2026,09:37:13 PM,Slots exist — outside target date,From Thu 18/06/2026 08:00 | From Thu 18/06/2026 13:00 | From Fri 19/06/2026 08:00 | From Fri 19/06/2026 13:00 | From Mon 22/06/2026 08:00
18/03/2026,09:38:15 PM,Slots exist — outside target date,From Thu 18/06/2026 08:00 | From Thu 18/06/2026 13:00 | From Fri 19/06/2026 08:00 | From Fri 19/06/2026 13:00 | From Mon 22/06/2026 08:00
18/03/2026,09:39:15 PM,Slots exist — outside target date,From Thu 18/06/2026 08:00 | From Thu 18/06/2026 13:00 | From Fri 19/06/2026 08:00 | From Fri 19/06/2026 13:00 | From Mon 22/06/2026 08:00
18/03/2026,09:40:20 PM,Slots exist — outside target date,From Thu 18/06/2026 08:00 | From Thu 18/06/2026 13:00 | From Fri 19/06/2026 08:00 | From Fri 19/06/2026 13:00 | From Mon 22/06/2026 08:00
18/03/2026,09:41:19 PM,Slots exist — outside target date,From Thu 18/06/2026 08:00 | From Thu 18/06/2026 13:00 | From Fri 19/06/2026 08:00 | From Fri 19/06/2026 13:00 | From Mon 22/06/2026 08:00
18/03/2026,09:42:16 PM,Slots exist — outside target date,From Thu 18/06/2026 08:00 | From Thu 18/06/2026 13:00 | From Fri 19/06/2026 08:00 | From Fri 19/06/2026 13:00 | From Mon 22/06/2026 08:00
18/03/2026,09:43:16 PM,Slots exist — outside target date,From Thu 18/06/2026 08:00 | From Thu 18/06/2026 13:00 | From Fri 19/06/2026 08:00 | From Fri 19/06/2026 13:00 | From Mon 22/06/2026 08:00
18/03/2026,09:44:13 PM,Slots exist — outside target date,From Thu 18/06/2026 08:00 | From Thu 18/06/2026 13:00 | From Fri 19/06/2026 08:00 | From Fri 19/06/2026 13:00 | From Mon 22/06/2026 08:00
18/03/2026,09:45:19 PM,Slots exist — outside target date,From Thu 18/06/2026 08:00 | From Thu 18/06/2026 13:00 | From Fri 19/06/2026 08:00 | From Fri 19/06/2026 13:00 | From Mon 22/06/2026 08:00
18/03/2026,09:46:17 PM,Slots exist — outside target date,From Thu 18/06/2026 08:00 | From Thu 18/06/2026 13:00 | From Fri 19/06/2026 08:00 | From Fri 19/06/2026 13:00 | From Mon 22/06/2026 08:00
18/03/2026,09:47:16 PM,Slots exist — outside target date,From Thu 18/06/2026 08:00 | From Thu 18/06/2026 13:00 | From Fri 19/06/2026 08:00 | From Fri 19/06/2026 13:00 | From Mon 22/06/2026 08:00
18/03/2026,09:48:13 PM,Slots exist — outside target date,From Thu 18/06/2026 08:00 | From Thu 18/06/2026 13:00 | From Fri 19/06/2026 08:00 | From Fri 19/06/2026 13:00 | From Mon 22/06/2026 08:00
18/03/2026,09:49:12 PM,Slots exist — outside target date,From Thu 18/06/2026 08:00 | From Thu 18/06/2026 13:00 | From Fri 19/06/2026 08:00 | From Fri 19/06/2026 13:00 | From Mon 22/06/2026 08:00
18/03/2026,09:50:21 PM,Slots exist — outside target date,From Thu 18/06/2026 08:00 | From Thu 18/06/2026 13:00 | From Fri 19/06/2026 08:00 | From Fri 19/06/2026 13:00 | From Mon 22/06/2026 08:00
18/03/2026,09:51:13 PM,Slots exist — outside target date,From Thu 18/06/2026 08:00 | From Thu 18/06/2026 13:00 | From Fri 19/06/2026 08:00 | From Fri 19/06/2026 13:00 | From Mon 22/06/2026 08:00
18/03/2026,09:52:15 PM,Slots exist — outside target date,From Thu 18/06/2026 08:00 | From Thu 18/06/2026 13:00 | From Fri 19/06/2026 08:00 | From Fri 19/06/2026 13:00 | From Mon 22/06/2026 08:00
18/03/2026,09:53:13 PM,Slots exist — outside target date,From Thu 18/06/2026 08:00 | From Thu 18/06/2026 13:00 | From Fri 19/06/2026 08:00 | From Fri 19/06/2026 13:00 | From Mon 22/06/2026 08:00
18/03/2026,09:54:15 PM,Slots exist — outside target date,From Thu 18/06/2026 08:00 | From Thu 18/06/2026 13:00 | From Fri 19/06/2026 08:00 | From Fri 19/06/2026 13:00 | From Mon 22/06/2026 08:00
18/03/2026,09:55:19 PM,Slots exist — outside target date,From Thu 18/06/2026 08:00 | From Thu 18/06/2026 13:00 | From Fri 19/06/2026 08:00 | From Fri 19/06/2026 13:00 | From Mon 22/06/2026 08:00
18/03/2026,09:56:17 PM,Slots exist — outside target date,From Thu 18/06/2026 08:00 | From Thu 18/06/2026 13:00 | From Fri 19/06/2026 08:00 | From Fri 19/06/2026 13:00 | From Mon 22/06/2026 08:00
18/03/2026,09:57:15 PM,Slots exist — outside target date,From Thu 18/06/2026 08:00 | From Thu 18/06/2026 13:00 | From Fri 19/06/2026 08:00 | From Fri 19/06/2026 13:00 | From Mon 22/06/2026 08:00
18/03/2026,09:58:13 PM,Slots exist — outside target date,From Thu 18/06/2026 08:00 | From Thu 18/06/2026 13:00 | From Fri 19/06/2026 08:00 | From Fri 19/06/2026 13:00 | From Mon 22/06/2026 08:00
18/03/2026,09:59:12 PM,Slots exist — outside target date,From Thu 18/06/2026 08:00 | From Thu 18/06/2026 13:00 | From Fri 19/06/2026 08:00 | From Fri 19/06/2026 13:00 | From Mon 22/06/2026 08:00
18/03/2026,10:00:24 PM,Slots exist — outside target date,From Thu 18/06/2026 08:00 | From Thu 18/06/2026 13:00 | From Fri 19/06/2026 08:00 | From Fri 19/06/2026 13:00 | From Mon 22/06/2026 08:00
18/03/2026,10:01:12 PM,Slots exist — outside target date,From Thu 18/06/2026 08:00 | From Thu 18/06/2026 13:00 | From Fri 19/06/2026 08:00 | From Fri 19/06/2026 13:00 | From Mon 22/06/2026 08:00
18/03/2026,10:02:13 PM,Slots exist — outside target date,From Thu 18/06/2026 08:00 | From Thu 18/06/2026 13:00 | From Fri 19/06/2026 08:00 | From Fri 19/06/2026 13:00 | From Mon 22/06/2026 08:00
18/03/2026,10:03:14 PM,Slots exist — outside target date,From Thu 18/06/2026 08:00 | From Thu 18/06/2026 13:00 | From Fri 19/06/2026 08:00 | From Fri 19/06/2026 13:00 | From Mon 22/06/2026 08:00
18/03/2026,10:04:16 PM,Slots exist — outside target date,From Thu 18/06/2026 08:00 | From Thu 18/06/2026 13:00 | From Fri 19/06/2026 08:00 | From Fri 19/06/2026 13:00 | From Mon 22/06/2026 08:00
18/03/2026,10:05:19 PM,Slots exist — outside target date,From Thu 18/06/2026 08:00 | From Thu 18/06/2026 13:00 | From Fri 19/06/2026 08:00 | From Fri 19/06/2026 13:00 | From Mon 22/06/2026 08:00
18/03/2026,10:06:14 PM,Slots exist — outside target date,From Thu 18/06/2026 08:00 | From Thu 18/06/2026 13:00 | From Fri 19/06/2026 08:00 | From Fri 19/06/2026 13:00 | From Mon 22/06/2026 08:00
18/03/2026,10:07:14 PM,Slots exist — outside target date,From Thu 18/06/2026 08:00 | From Thu 18/06/2026 13:00 | From Fri 19/06/2026 08:00 | From Fri 19/06/2026 13:00 | From Mon 22/06/2026 08:00
18/03/2026,10:08:13 PM,Slots exist — outside target date,From Thu 18/06/2026 08:00 | From Thu 18/06/2026 13:00 | From Fri 19/06/2026 08:00 | From Fri 19/06/2026 13:00 | From Mon 22/06/2026 08:00
18/03/2026,10:09:13 PM,Slots exist — outside target date,From Thu 18/06/2026 08:00 | From Thu 18/06/2026 13:00 | From Fri 19/06/2026 08:00 | From Fri 19/06/2026 13:00 | From Mon 22/06/2026 08:00
18/03/2026,10:10:19 PM,Slots exist — outside target date,From Thu 18/06/2026 08:00 | From Thu 18/06/2026 13:00 | From Fri 19/06/2026 08:00 | From Fri 19/06/2026 13:00 | From Mon 22/06/2026 08:00
18/03/2026,10:11:13 PM,Slots exist — outside target date,From Thu 18/06/2026 08:00 | From Thu 18/06/2026 13:00 | From Fri 19/06/2026 08:00 | From Fri 19/06/2026 13:00 | From Mon 22/06/2026 08:00
18/03/2026,10:12:13 PM,Slots exist — outside target date,From Thu 18/06/2026 08:00 | From Thu 18/06/2026 13:00 | From Fri 19/06/2026 08:00 | From Fri 19/06/2026 13:00 | From Mon 22/06/2026 08:00
18/03/2026,10:13:16 PM,Slots exist — outside target date,From Thu 18/06/2026 08:00 | From Thu 18/06/2026 13:00 | From Fri 19/06/2026 08:00 | From Fri 19/06/2026 13:00 | From Mon 22/06/2026 08:00
18/03/2026,10:14:13 PM,Slots exist — outside target date,From Thu 18/06/2026 08:00 | From Thu 18/06/2026 13:00 | From Fri 19/06/2026 08:00 | From Fri 19/06/2026 13:00 | From Mon 22/06/2026 08:00
18/03/2026,10:15:17 PM,Slots exist — outside target date,From Thu 18/06/2026 08:00 | From Thu 18/06/2026 13:00 | From Fri 19/06/2026 08:00 | From Fri 19/06/2026 13:00 | From Mon 22/06/2026 08:00
18/03/2026,10:16:13 PM,Slots exist — outside target date,From Thu 18/06/2026 08:00 | From Thu 18/06/2026 13:00 | From Fri 19/06/2026 08:00 | From Fri 19/06/2026 13:00 | From Mon 22/06/2026 08:00
18/03/2026,10:17:13 PM,Slots exist — outside target date,From Thu 18/06/2026 08:00 | From Thu 18/06/2026 13:00 | From Fri 19/06/2026 08:00 | From Fri 19/06/2026 13:00 | From Mon 22/06/2026 08:00
18/03/2026,10:18:15 PM,Slots exist — outside target date,From Thu 18/06/2026 08:00 | From Thu 18/06/2026 13:00 | From Fri 19/06/2026 08:00 | From Fri 19/06/2026 13:00 | From Mon 22/06/2026 08:00
18/03/2026,10:19:13 PM,Slots exist — outside target date,From Thu 18/06/2026 08:00 | From Thu 18/06/2026 13:00 | From Fri 19/06/2026 08:00 | From Fri 19/06/2026 13:00 | From Mon 22/06/2026 08:00
18/03/2026,10:20:18 PM,Slots exist — outside target date,From Thu 18/06/2026 08:00 | From Thu 18/06/2026 13:00 | From Fri 19/06/2026 08:00 | From Fri 19/06/2026 13:00 | From Mon 22/06/2026 08:00
18/03/2026,10:21:12 PM,Slots exist — outside target date,From Thu 18/06/2026 08:00 | From Thu 18/06/2026 13:00 | From Fri 19/06/2026 08:00 | From Fri 19/06/2026 13:00 | From Mon 22/06/2026 08:00
18/03/2026,10:22:13 PM,Slots exist — outside target date,From Thu 18/06/2026 08:00 | From Thu 18/06/2026 13:00 | From Fri 19/06/2026 08:00 | From Fri 19/06/2026 13:00 | From Mon 22/06/2026 08:00
18/03/2026,10:23:13 PM,Slots exist — outside target date,From Thu 18/06/2026 08:00 | From Thu 18/06/2026 13:00 | From Fri 19/06/2026 08:00 | From Fri 19/06/2026 13:00 | From Mon 22/06/2026 08:00
18/03/2026,10:24:16 PM,Slots exist — outside target date,From Thu 18/06/2026 08:00 | From Thu 18/06/2026 13:00 | From Fri 19/06/2026 08:00 | From Fri 19/06/2026 13:00 | From Mon 22/06/2026 08:00
18/03/2026,10:25:01 PM,Slots exist — outside target date,From Thu 18/06/2026 08:00 | From Thu 18/06/2026 13:00 | From Fri 19/06/2026 08:00 | From Fri 19/06/2026 13:00 | From Mon 22/06/2026 08:00
18/03/2026,10:25:17 PM,Slots exist — outside target date,From Thu 18/06/2026 08:00 | From Thu 18/06/2026 13:00 | From Fri 19/06/2026 08:00 | From Fri 19/06/2026 13:00 | From Mon 22/06/2026 08:00
18/03/2026,10:26:14 PM,Slots exist — outside target date,From Thu 18/06/2026 08:00 | From Thu 18/06/2026 13:00 | From Fri 19/06/2026 08:00 | From Fri 19/06/2026 13:00 | From Mon 22/06/2026 08:00
18/03/2026,10:27:15 PM,Slots exist — outside target date,From Thu 18/06/2026 08:00 | From Thu 18/06/2026 13:00 | From Fri 19/06/2026 08:00 | From Fri 19/06/2026 13:00 | From Mon 22/06/2026 08:00
18/03/2026,10:28:15 PM,Slots exist — outside target date,From Thu 18/06/2026 08:00 | From Thu 18/06/2026 13:00 | From Fri 19/06/2026 08:00 | From Fri 19/06/2026 13:00 | From Mon 22/06/2026 08:00
18/03/2026,10:29:13 PM,Slots exist — outside target date,From Thu 18/06/2026 08:00 | From Thu 18/06/2026 13:00 | From Fri 19/06/2026 08:00 | From Fri 19/06/2026 13:00 | From Mon 22/06/2026 08:00
18/03/2026,10:30:24 PM,Slots exist — outside target date,From Thu 18/06/2026 08:00 | From Thu 18/06/2026 13:00 | From Fri 19/06/2026 08:00 | From Fri 19/06/2026 13:00 | From Mon 22/06/2026 08:00
18/03/2026,10:31:13 PM,Slots exist — outside target date,From Thu 18/06/2026 08:00 | From Thu 18/06/2026 13:00 | From Fri 19/06/2026 08:00 | From Fri 19/06/2026 13:00 | From Mon 22/06/2026 08:00
18/03/2026,10:32:14 PM,Slots exist — outside target date,From Thu 18/06/2026 08:00 | From Thu 18/06/2026 13:00 | From Fri 19/06/2026 08:00 | From Fri 19/06/2026 13:00 | From Mon 22/06/2026 08:00
18/03/2026,10:33:12 PM,Slots exist — outside target date,From Thu 18/06/2026 08:00 | From Thu 18/06/2026 13:00 | From Fri 19/06/2026 08:00 | From Fri 19/06/2026 13:00 | From Mon 22/06/2026 08:00
18/03/2026,10:34:14 PM,Slots exist — outside target date,From Thu 18/06/2026 08:00 | From Thu 18/06/2026 13:00 | From Fri 19/06/2026 08:00 | From Fri 19/06/2026 13:00 | From Mon 22/06/2026 08:00
18/03/2026,10:35:16 PM,Slots exist — outside target date,From Thu 18/06/2026 08:00 | From Thu 18/06/2026 13:00 | From Fri 19/06/2026 08:00 | From Fri 19/06/2026 13:00 | From Mon 22/06/2026 08:00
18/03/2026,10:40:19 PM,Slots exist — outside target date,From Thu 18/06/2026 08:00 | From Thu 18/06/2026 13:00 | From Fri 19/06/2026 08:00 | From Fri 19/06/2026 13:00 | From Mon 22/06/2026 08:00
18/03/2026,10:41:16 PM,Slots exist — outside target date,From Thu 18/06/2026 08:00 | From Thu 18/06/2026 13:00 | From Fri 19/06/2026 08:00 | From Fri 19/06/2026 13:00 | From Mon 22/06/2026 08:00
18/03/2026,10:42:13 PM,Slots exist — outside target date,From Thu 18/06/2026 08:00 | From Thu 18/06/2026 13:00 | From Fri 19/06/2026 08:00 | From Fri 19/06/2026 13:00 | From Mon 22/06/2026 08:00
18/03/2026,10:43:17 PM,Slots exist — outside target date,From Thu 18/06/2026 08:00 | From Thu 18/06/2026 13:00 | From Fri 19/06/2026 08:00 | From Fri 19/06/2026 13:00 | From Mon 22/06/2026 08:00
18/03/2026,10:44:14 PM,Slots exist — outside target date,From Thu 18/06/2026 08:00 | From Thu 18/06/2026 13:00 | From Fri 19/06/2026 08:00 | From Fri 19/06/2026 13:00 | From Mon 22/06/2026 08:00
18/03/2026,10:45:21 PM,Slots exist — outside target date,From Thu 18/06/2026 08:00 | From Thu 18/06/2026 13:00 | From Fri 19/06/2026 08:00 | From Fri 19/06/2026 13:00 | From Mon 22/06/2026 08:00
18/03/2026,10:46:17 PM,Slots exist — outside target date,From Thu 18/06/2026 08:00 | From Thu 18/06/2026 13:00 | From Fri 19/06/2026 08:00 | From Fri 19/06/2026 13:00 | From Mon 22/06/2026 08:00
18/03/2026,10:47:13 PM,Slots exist — outside target date,From Thu 18/06/2026 08:00 | From Thu 18/06/2026 13:00 | From Fri 19/06/2026 08:00 | From Fri 19/06/2026 13:00 | From Mon 22/06/2026 08:00
18/03/2026,10:48:18 PM,Slots exist — outside target date,From Thu 18/06/2026 08:00 | From Thu 18/06/2026 13:00 | From Fri 19/06/2026 08:00 | From Fri 19/06/2026 13:00 | From Mon 22/06/2026 08:00
18/03/2026,10:49:15 PM,Slots exist — outside target date,From Thu 18/06/2026 08:00 | From Thu 18/06/2026 13:00 | From Fri 19/06/2026 08:00 | From Fri 19/06/2026 13:00 | From Mon 22/06/2026 08:00
18/03/2026,10:50:22 PM,Slots exist — outside target date,From Thu 18/06/2026 08:00 | From Thu 18/06/2026 13:00 | From Fri 19/06/2026 08:00 | From Fri 19/06/2026 13:00 | From Mon 22/06/2026 08:00
18/03/2026,10:51:15 PM,Slots exist — outside target date,From Thu 18/06/2026 08:00 | From Thu 18/06/2026 13:00 | From Fri 19/06/2026 08:00 | From Fri 19/06/2026 13:00 | From Mon 22/06/2026 08:00
18/03/2026,10:52:14 PM,Slots exist — outside target date,From Thu 18/06/2026 08:00 | From Thu 18/06/2026 13:00 | From Fri 19/06/2026 08:00 | From Fri 19/06/2026 13:00 | From Mon 22/06/2026 08:00
18/03/2026,10:53:13 PM,Slots exist — outside target date,From Thu 18/06/2026 08:00 | From Thu 18/06/2026 13:00 | From Fri 19/06/2026 08:00 | From Fri 19/06/2026 13:00 | From Mon 22/06/2026 08:00
18/03/2026,10:54:17 PM,Slots exist — outside target date,From Thu 18/06/2026 08:00 | From Thu 18/06/2026 13:00 | From Fri 19/06/2026 08:00 | From Fri 19/06/2026 13:00 | From Mon 22/06/2026 08:00
18/03/2026,10:55:17 PM,Slots exist — outside target date,From Thu 18/06/2026 08:00 | From Thu 18/06/2026 13:00 | From Fri 19/06/2026 08:00 | From Fri 19/06/2026 13:00 | From Mon 22/06/2026 08:00
18/03/2026,10:56:15 PM,Slots exist — outside target date,From Thu 18/06/2026 08:00 | From Thu 18/06/2026 13:00 | From Fri 19/06/2026 08:00 | From Fri 19/06/2026 13:00 | From Mon 22/06/2026 08:00
18/03/2026,10:57:14 PM,Slots exist — outside target date,From Thu 18/06/2026 08:00 | From Thu 18/06/2026 13:00 | From Fri 19/06/2026 08:00 | From Fri 19/06/2026 13:00 | From Mon 22/06/2026 08:00
18/03/2026,10:58:20 PM,Slots exist — outside target date,From Thu 18/06/2026 08:00 | From Thu 18/06/2026 13:00 | From Fri 19/06/2026 08:00 | From Fri 19/06/2026 13:00 | From Mon 22/06/2026 08:00
18/03/2026,10:59:14 PM,Slots exist — outside target date,From Thu 18/06/2026 08:00 | From Thu 18/06/2026 13:00 | From Fri 19/06/2026 08:00 | From Fri 19/06/2026 13:00 | From Mon 22/06/2026 08:00
18/03/2026,11:00:24 PM,Slots exist — outside target date,From Thu 18/06/2026 08:00 | From Thu 18/06/2026 13:00 | From Fri 19/06/2026 08:00 | From Fri 19/06/2026 13:00 | From Mon 22/06/2026 08:00
18/03/2026,11:01:14 PM,Slots exist — outside target date,From Thu 18/06/2026 08:00 | From Thu 18/06/2026 13:00 | From Fri 19/06/2026 08:00 | From Fri 19/06/2026 13:00 | From Mon 22/06/2026 08:00
18/03/2026,11:02:16 PM,Slots exist — outside target date,From Thu 18/06/2026 08:00 | From Thu 18/06/2026 13:00 | From Fri 19/06/2026 08:00 | From Fri 19/06/2026 13:00 | From Mon 22/06/2026 08:00
18/03/2026,11:03:13 PM,Slots exist — outside target date,From Thu 18/06/2026 08:00 | From Thu 18/06/2026 13:00 | From Fri 19/06/2026 08:00 | From Fri 19/06/2026 13:00 | From Mon 22/06/2026 08:00
18/03/2026,11:04:16 PM,Slots exist — outside target date,From Thu 18/06/2026 08:00 | From Thu 18/06/2026 13:00 | From Fri 19/06/2026 08:00 | From Fri 19/06/2026 13:00 | From Mon 22/06/2026 08:00
18/03/2026,11:05:17 PM,Slots exist — outside target date,From Thu 18/06/2026 08:00 | From Thu 18/06/2026 13:00 | From Fri 19/06/2026 08:00 | From Fri 19/06/2026 13:00 | From Mon 22/06/2026 08:00
18/03/2026,11:06:14 PM,Slots exist — outside target date,From Thu 18/06/2026 08:00 | From Thu 18/06/2026 13:00 | From Fri 19/06/2026 08:00 | From Fri 19/06/2026 13:00 | From Mon 22/06/2026 08:00
18/03/2026,11:07:13 PM,Slots exist — outside target date,From Thu 18/06/2026 08:00 | From Thu 18/06/2026 13:00 | From Fri 19/06/2026 08:00 | From Fri 19/06/2026 13:00 | From Mon 22/06/2026 08:00
18/03/2026,11:08:16 PM,Slots exist — outside target date,From Thu 18/06/2026 08:00 | From Thu 18/06/2026 13:00 | From Fri 19/06/2026 08:00 | From Fri 19/06/2026 13:00 | From Mon 22/06/2026 08:00
18/03/2026,11:09:16 PM,Slots exist — outside target date,From Thu 18/06/2026 08:00 | From Thu 18/06/2026 13:00 | From Fri 19/06/2026 08:00 | From Fri 19/06/2026 13:00 | From Mon 22/06/2026 08:00
18/03/2026,11:10:19 PM,Slots exist — outside target date,From Thu 18/06/2026 08:00 | From Thu 18/06/2026 13:00 | From Fri 19/06/2026 08:00 | From Fri 19/06/2026 13:00 | From Mon 22/06/2026 08:00
18/03/2026,11:11:14 PM,Slots exist — outside target date,From Thu 18/06/2026 08:00 | From Thu 18/06/2026 13:00 | From Fri 19/06/2026 08:00 | From Fri 19/06/2026 13:00 | From Mon 22/06/2026 08:00
18/03/2026,11:12:18 PM,Slots exist — outside target date,From Thu 18/06/2026 08:00 | From Thu 18/06/2026 13:00 | From Fri 19/06/2026 08:00 | From Fri 19/06/2026 13:00 | From Mon 22/06/2026 08:00
18/03/2026,11:13:14 PM,Slots exist — outside target date,From Thu 18/06/2026 08:00 | From Thu 18/06/2026 13:00 | From Fri 19/06/2026 08:00 | From Fri 19/06/2026 13:00 | From Mon 22/06/2026 08:00
18/03/2026,11:14:14 PM,Slots exist — outside target date,From Thu 18/06/2026 08:00 | From Thu 18/06/2026 13:00 | From Fri 19/06/2026 08:00 | From Fri 19/06/2026 13:00 | From Mon 22/06/2026 08:00
18/03/2026,11:15:17 PM,Slots exist — outside target date,From Thu 18/06/2026 08:00 | From Thu 18/06/2026 13:00 | From Fri 19/06/2026 08:00 | From Fri 19/06/2026 13:00 | From Mon 22/06/2026 08:00
18/03/2026,11:16:15 PM,Slots exist — outside target date,From Thu 18/06/2026 08:00 | From Thu 18/06/2026 13:00 | From Fri 19/06/2026 08:00 | From Fri 19/06/2026 13:00 | From Mon 22/06/2026 08:00
18/03/2026,11:17:14 PM,Slots exist — outside target date,From Thu 18/06/2026 08:00 | From Thu 18/06/2026 13:00 | From Fri 19/06/2026 08:00 | From Fri 19/06/2026 13:00 | From Mon 22/06/2026 08:00
18/03/2026,11:18:13 PM,Slots exist — outside target date,From Thu 18/06/2026 08:00 | From Thu 18/06/2026 13:00 | From Fri 19/06/2026 08:00 | From Fri 19/06/2026 13:00 | From Mon 22/06/2026 08:00
18/03/2026,11:19:14 PM,Slots exist — outside target date,From Thu 18/06/2026 08:00 | From Thu 18/06/2026 13:00 | From Fri 19/06/2026 08:00 | From Fri 19/06/2026 13:00 | From Mon 22/06/2026 08:00
18/03/2026,11:20:18 PM,Slots exist — outside target date,From Thu 18/06/2026 08:00 | From Thu 18/06/2026 13:00 | From Fri 19/06/2026 08:00 | From Fri 19/06/2026 13:00 | From Mon 22/06/2026 08:00
18/03/2026,11:21:13 PM,Slots exist — outside target date,From Thu 18/06/2026 08:00 | From Thu 18/06/2026 13:00 | From Fri 19/06/2026 08:00 | From Fri 19/06/2026 13:00 | From Mon 22/06/2026 08:00
18/03/2026,11:22:16 PM,Slots exist — outside target date,From Thu 18/06/2026 08:00 | From Thu 18/06/2026 13:00 | From Fri 19/06/2026 08:00 | From Fri 19/06/2026 13:00 | From Mon 22/06/2026 08:00
18/03/2026,11:23:14 PM,Slots exist — outside target date,From Thu 18/06/2026 08:00 | From Thu 18/06/2026 13:00 | From Fri 19/06/2026 08:00 | From Fri 19/06/2026 13:00 | From Mon 22/06/2026 08:00
18/03/2026,11:24:15 PM,Slots exist — outside target date,From Thu 18/06/2026 08:00 | From Thu 18/06/2026 13:00 | From Fri 19/06/2026 08:00 | From Fri 19/06/2026 13:00 | From Mon 22/06/2026 08:00
18/03/2026,11:25:15 PM,Slots exist — outside target date,From Thu 18/06/2026 08:00 | From Thu 18/06/2026 13:00 | From Fri 19/06/2026 08:00 | From Fri 19/06/2026 13:00 | From Mon 22/06/2026 08:00
18/03/2026,11:26:13 PM,Slots exist — outside target date,From Thu 18/06/2026 08:00 | From Thu 18/06/2026 13:00 | From Fri 19/06/2026 08:00 | From Fri 19/06/2026 13:00 | From Mon 22/06/2026 08:00
18/03/2026,11:27:15 PM,Slots exist — outside target date,From Thu 18/06/2026 08:00 | From Thu 18/06/2026 13:00 | From Fri 19/06/2026 08:00 | From Fri 19/06/2026 13:00 | From Mon 22/06/2026 08:00
18/03/2026,11:28:13 PM,Slots exist — outside target date,From Thu 18/06/2026 08:00 | From Thu 18/06/2026 13:00 | From Fri 19/06/2026 08:00 | From Fri 19/06/2026 13:00 | From Mon 22/06/2026 08:00
18/03/2026,11:29:12 PM,Slots exist — outside target date,From Thu 18/06/2026 08:00 | From Thu 18/06/2026 13:00 | From Fri 19/06/2026 08:00 | From Fri 19/06/2026 13:00 | From Mon 22/06/2026 08:00
18/03/2026,11:30:26 PM,Slots exist — outside target date,From Thu 18/06/2026 08:00 | From Thu 18/06/2026 13:00 | From Fri 19/06/2026 08:00 | From Fri 19/06/2026 13:00 | From Mon 22/06/2026 08:00
18/03/2026,11:31:15 PM,Slots exist — outside target date,From Thu 18/06/2026 08:00 | From Thu 18/06/2026 13:00 | From Fri 19/06/2026 08:00 | From Fri 19/06/2026 13:00 | From Mon 22/06/2026 08:00
18/03/2026,11:32:18 PM,Slots exist — outside target date,From Thu 18/06/2026 08:00 | From Thu 18/06/2026 13:00 | From Fri 19/06/2026 08:00 | From Fri 19/06/2026 13:00 | From Mon 22/06/2026 08:00
18/03/2026,11:33:18 PM,Slots exist — outside target date,From Thu 18/06/2026 08:00 | From Thu 18/06/2026 13:00 | From Fri 19/06/2026 08:00 | From Fri 19/06/2026 13:00 | From Mon 22/06/2026 08:00
18/03/2026,11:34:16 PM,Slots exist — outside target date,From Thu 18/06/2026 08:00 | From Thu 18/06/2026 13:00 | From Fri 19/06/2026 08:00 | From Fri 19/06/2026 13:00 | From Mon 22/06/2026 08:00
18/03/2026,11:35:18 PM,Slots exist — outside target date,From Thu 18/06/2026 08:00 | From Thu 18/06/2026 13:00 | From Fri 19/06/2026 08:00 | From Fri 19/06/2026 13:00 | From Mon 22/06/2026 08:00
18/03/2026,11:36:15 PM,Slots exist — outside target date,From Thu 18/06/2026 08:00 | From Thu 18/06/2026 13:00 | From Fri 19/06/2026 08:00 | From Fri 19/06/2026 13:00 | From Mon 22/06/2026 08:00
18/03/2026,11:37:13 PM,Slots exist — outside target date,From Thu 18/06/2026 08:00 | From Thu 18/06/2026 13:00 | From Fri 19/06/2026 08:00 | From Fri 19/06/2026 13:00 | From Mon 22/06/2026 08:00
18/03/2026,11:38:15 PM,Slots exist — outside target date,From Thu 18/06/2026 08:00 | From Thu 18/06/2026 13:00 | From Fri 19/06/2026 08:00 | From Fri 19/06/2026 13:00 | From Mon 22/06/2026 08:00
18/03/2026,11:39:15 PM,Slots exist — outside target date,From Thu 18/06/2026 08:00 | From Thu 18/06/2026 13:00 | From Fri 19/06/2026 08:00 | From Fri 19/06/2026 13:00 | From Mon 22/06/2026 08:00
18/03/2026,11:40:18 PM,Slots exist — outside target date,From Thu 18/06/2026 08:00 | From Thu 18/06/2026 13:00 | From Fri 19/06/2026 08:00 | From Fri 19/06/2026 13:00 | From Mon 22/06/2026 08:00
18/03/2026,11:41:17 PM,Slots exist — outside target date,From Thu 18/06/2026 08:00 | From Thu 18/06/2026 13:00 | From Fri 19/06/2026 08:00 | From Fri 19/06/2026 13:00 | From Mon 22/06/2026 08:00
18/03/2026,11:42:15 PM,Slots exist — outside target date,From Thu 18/06/2026 08:00 | From Thu 18/06/2026 13:00 | From Fri 19/06/2026 08:00 | From Fri 19/06/2026 13:00 | From Mon 22/06/2026 08:00
18/03/2026,11:43:14 PM,Slots exist — outside target date,From Thu 18/06/2026 08:00 | From Thu 18/06/2026 13:00 | From Fri 19/06/2026 08:00 | From Fri 19/06/2026 13:00 | From Mon 22/06/2026 08:00
18/03/2026,11:44:16 PM,Slots exist — outside target date,From Thu 18/06/2026 08:00 | From Thu 18/06/2026 13:00 | From Fri 19/06/2026 08:00 | From Fri 19/06/2026 13:00 | From Mon 22/06/2026 08:00
18/03/2026,11:45:17 PM,Slots exist — outside target date,From Thu 18/06/2026 08:00 | From Thu 18/06/2026 13:00 | From Fri 19/06/2026 08:00 | From Fri 19/06/2026 13:00 | From Mon 22/06/2026 08:00
18/03/2026,11:46:16 PM,Slots exist — outside target date,From Thu 18/06/2026 08:00 | From Thu 18/06/2026 13:00 | From Fri 19/06/2026 08:00 | From Fri 19/06/2026 13:00 | From Mon 22/06/2026 08:00
18/03/2026,11:47:14 PM,Slots exist — outside target date,From Thu 18/06/2026 08:00 | From Thu 18/06/2026 13:00 | From Fri 19/06/2026 08:00 | From Fri 19/06/2026 13:00 | From Mon 22/06/2026 08:00
18/03/2026,11:48:16 PM,Slots exist — outside target date,From Thu 18/06/2026 08:00 | From Thu 18/06/2026 13:00 | From Fri 19/06/2026 08:00 | From Fri 19/06/2026 13:00 | From Mon 22/06/2026 08:00
18/03/2026,11:49:16 PM,Slots exist — outside target date,From Thu 18/06/2026 08:00 | From Thu 18/06/2026 13:00 | From Fri 19/06/2026 08:00 | From Fri 19/06/2026 13:00 | From Mon 22/06/2026 08:00
18/03/2026,11:50:20 PM,Slots exist — outside target date,From Thu 18/06/2026 08:00 | From Thu 18/06/2026 13:00 | From Fri 19/06/2026 08:00 | From Fri 19/06/2026 13:00 | From Mon 22/06/2026 08:00
18/03/2026,11:51:16 PM,Slots exist — outside target date,From Thu 18/06/2026 08:00 | From Thu 18/06/2026 13:00 | From Fri 19/06/2026 08:00 | From Fri 19/06/2026 13:00 | From Mon 22/06/2026 08:00
18/03/2026,11:52:16 PM,Slots exist — outside target date,From Thu 18/06/2026 08:00 | From Thu 18/06/2026 13:00 | From Fri 19/06/2026 08:00 | From Fri 19/06/2026 13:00 | From Mon 22/06/2026 08:00
18/03/2026,11:53:13 PM,Slots exist — outside target date,From Thu 18/06/2026 08:00 | From Thu 18/06/2026 13:00 | From Fri 19/06/2026 08:00 | From Fri 19/06/2026 13:00 | From Mon 22/06/2026 08:00
18/03/2026,11:54:14 PM,Slots exist — outside target date,From Thu 18/06/2026 08:00 | From Thu 18/06/2026 13:00 | From Fri 19/06/2026 08:00 | From Fri 19/06/2026 13:00 | From Mon 22/06/2026 08:00
18/03/2026,11:55:16 PM,Slots exist — outside target date,From Thu 18/06/2026 08:00 | From Thu 18/06/2026 13:00 | From Fri 19/06/2026 08:00 | From Fri 19/06/2026 13:00 | From Mon 22/06/2026 08:00
18/03/2026,11:56:16 PM,Slots exist — outside target date,From Thu 18/06/2026 08:00 | From Thu 18/06/2026 13:00 | From Fri 19/06/2026 08:00 | From Fri 19/06/2026 13:00 | From Mon 22/06/2026 08:00
18/03/2026,11:57:15 PM,Slots exist — outside target date,From Thu 18/06/2026 08:00 | From Thu 18/06/2026 13:00 | From Fri 19/06/2026 08:00 | From Fri 19/06/2026 13:00 | From Mon 22/06/2026 08:00
